<?xml version="1.0" encoding="UTF-8"?>
<project-private xmlns="http://www.netbeans.org/ns/project-private/1">
    <editor-bookmarks xmlns="http://www.netbeans.org/ns/editor-bookmarks/2" lastBookmarkId="0"/>
    <open-files xmlns="http://www.netbeans.org/ns/projectui-open-files/2">
        <group name="JavaAdventure">
            <file>file:/C:/BitwiseCourses/COURSES/LearnJava/CODE/Adventure/Adventure1/src/AdventureForm.java</file>
            <file>file:/C:/BitwiseCourses/COURSES/LearnJava/CODE/Adventure/Adventure1/src/gameobjects/Thing.java</file>
            <file>file:/C:/BitwiseCourses/COURSES/LearnJava/CODE/Adventure/Adventure1/src/gameobjects/Room.java</file>
            <file>file:/C:/BitwiseCourses/COURSES/LearnJava/CODE/Adventure/Adventure1/src/game/Game.java</file>
            <file>file:/C:/BitwiseCourses/COURSES/LearnJava/CODE/Adventure/Adventure1/src/globals/Direction.java</file>
            <file>file:/C:/BitwiseCourses/COURSES/LearnJava/CODE/Adventure/Adventure1/src/gameobjects/Actor.java</file>
        </group>
        <group name="Adventure"/>
        <group name="JavaAdventureGames">
            <file>file:/E:/Bitwise/BOOKS/Programming/JavaAdventureGames/SOURCECODE/AdventureGame1/src/game/Game.java</file>
        </group>
        <group name="AdventureGames">
            <file>file:/E:/Bitwise/BOOKS/Programming/JavaAdventureGames/SOURCECODE/AdventureGame1/src/gameobjects/Room.java</file>
            <file>file:/E:/Bitwise/BOOKS/Programming/JavaAdventureGames/SOURCECODE/AdventureGame1/src/game/Game.java</file>
            <file>file:/E:/Bitwise/BOOKS/Programming/JavaAdventureGames/SOURCECODE/AdventureGame1/src/AdventureGame.java</file>
        </group>
        <group name="JavaAdventureGameProjects"/>
        <group/>
    </open-files>
</project-private>
